<?xml version="1.0" encoding="UTF-8"?><metadata>
<idinfo>
<citation>
<citeinfo>
<pubdate>20190607</pubdate>
<title>MPD ShotSpotter</title>
<geoform>vector digital data</geoform>
</citeinfo>
</citation>
<descript>
<abstract>ShotSpotter is gunshot detection, acoustic surveillance technology that uses sensors to detect, locate and alert law enforcement agencies of potential gunfire incidents in real time.MPD began implementing the ShotSpotter system in 2006 and has added sensors and upgraded components of the system at various times. ShotSpotter has also enhanced their ability to distinguish gunshots from other impulse noises. For example, the number of impulse noises coded as gunshots during Independence Day celebrations have significantly decreased over the past four years.ShotSpotter does not provide coverage for the entire District of Columbia. Official coverage areas are designed by ShotSpotter in conjunction with MPD, to target high population density areas with frequent sounds of gunshots incidents. A ShotSpotter incident may involve one gunshot or multiple gunshots depending on the time elapsed between each shot. Each incident is given a serial number ID when it occurs.This data may include duplicate incidents or unverified shots that may have occurred outside of official coverage areas. Classifications are assigned by ShotSpotter and represent their assessment of what kind of impulse noise occurred. The Latitude and Longitude of the incidents are rounded to three decimal places due to privacy concerns. This roughly corresponds to a 100 meter resolution.</abstract>
<purpose>The data represents all ShotSpotter incidents that were classified as “Gunshots_or_Firecracker”, “Single_Gunshot”, or “Multiple_Gunshots” from January 1, 2014 to March 31, 2019.</purpose>
</descript>
<spdom/>
<keywords>
<theme>
<themekt>None</themekt>
<themekey>mpd, shotspotter, gunshot, public safety, safety,</themekey>
</theme>
<theme>
<themekt>ISO 19115 Topic Categories</themekt>
<themekey>society</themekey>
</theme>
<place>
<placekt>None</placekt>
<placekey>washington dc, district of columbia, dc</placekey>
</place>
</keywords>
<accconst>None</accconst>
<useconst>This work is licensed under a Creative Commons Attribution 4.0 International License.This data may include duplicate incidents or unverified shots that may have occurred outside of official coverage areas. Classifications are assigned by ShotSpotter and represent their assessment of what kind of impulse noise occurred.The Latitude and Longitude of the incidents are rounded to three decimal places due to privacy concerns. This roughly corresponds to a 100 meter resolution.</useconst>
<ptcontac>
<cntinfo>
<cntorgp>
<cntorg>D.C. Office of the Chief Technology Officer</cntorg>
<cntper>GIS Data Coordinator</cntper>
</cntorgp>
<cntaddr>
<addrtype>mailing and physical</addrtype>
<address>200 I Street SE, 5th Floor</address>
<city>Washington</city>
<state>DC</state>
<postal>20003</postal>
<country>US</country>
</cntaddr>
<cntfax>(202) 727-5660</cntfax>
<cntemail>dcgis@dc.gov</cntemail>
<hours>8:30 am - 5 pm</hours>
</cntinfo>
</ptcontac>
<datacred>http://mpdc.dc.gov</datacred>
</idinfo>
<dataqual>
<lineage>
<procstep>
<procdesc>Staff added 2018 Q1, Q2, Q3 data from MPD.</procdesc>
<procdate>20190125</procdate>
<proccont>
<cntinfo>
<cntorgp>
<cntorg>D.C. Office of the Chief Technology Officer</cntorg>
<cntper>GIS Data Coordinator</cntper>
</cntorgp>
<cntaddr>
<addrtype>unknown</addrtype>
<address>200 I Street SE, 5th Floor</address>
<city>Washington</city>
<state>DC</state>
<postal>20003</postal>
<country>US</country>
</cntaddr>
<cntfax>(202) 727-5660</cntfax>
<cntemail>dcgis@dc.gov</cntemail>
<hours>8:30 am - 5 pm</hours>
</cntinfo>
</proccont>
</procstep>
<procstep>
<procdesc>Staff added 2018 Q4 data from MPD and added DATETIME field (concatenated DATE and TIME fields) to fix DATE and TIME fields displaying incorrectly in Open Data portal.</procdesc>
<procdate>20190215</procdate>
<proccont>
<cntinfo>
<cntorgp>
<cntorg>D.C. Office of the Chief Technology Officer</cntorg>
<cntper>GIS Data Coordinator</cntper>
</cntorgp>
<cntaddr>
<addrtype>unknown</addrtype>
<address>200 I Street SE, 5th Floor</address>
<city>Washington</city>
<state>DC</state>
<postal>20003</postal>
<country>US</country>
</cntaddr>
<cntfax>(202) 727-5660</cntfax>
<cntemail>dcgis@dc.gov</cntemail>
<hours>8:30 am - 5 pm</hours>
</cntinfo>
</proccont>
</procstep>
<procstep>
<procdesc>Staff Staff added 2019 Q1 data from MPD</procdesc>
<procdate>20190607</procdate>
<proccont>
<cntinfo>
<cntorgp>
<cntorg>D.C. Office of the Chief Technology Officer</cntorg>
<cntper>GIS Data Coordinator</cntper>
</cntorgp>
<cntaddr>
<addrtype>unknown</addrtype>
<address>200 I Street SE, 5th Floor</address>
<city>Washington</city>
<state>DC</state>
<postal>20003</postal>
<country>US</country>
</cntaddr>
<cntfax>(202) 727-5660</cntfax>
<cntemail>dcgis@dc.gov</cntemail>
<hours>8:30 am - 5 pm</hours>
</cntinfo>
</proccont>
</procstep>
</lineage>
</dataqual>
<spdoinfo>
<direct>Vector</direct>
<ptvctinf>
<sdtsterm>
<sdtstype>Entity point</sdtstype>
<ptvctcnt>0</ptvctcnt>
</sdtsterm>
</ptvctinf>
</spdoinfo>
<eainfo>
<detailed>
<enttyp>
<enttypl>ShotSpotter_GunshotPt</enttypl>
</enttyp>
<attr>
<attrlabl>OBJECTID</attrlabl>
<attrdef>Internal feature number.</attrdef>
<attrdefs>Esri</attrdefs>
<attrdomv>
          <udom>Sequential unique whole numbers that are automatically generated.</udom>
        </attrdomv>
</attr>
<attr>
<attrlabl>Shape</attrlabl>
<attrdef>Feature geometry.</attrdef>
<attrdefs>Esri</attrdefs>
<attrdomv>
          <udom>Coordinates defining the features.</udom>
        </attrdomv>
</attr>
<attr>
<attrlabl>TYPE</attrlabl>
<attrdef>Classification of the incident assigned by ShotSpotter. Three (3) different classifications indicate that a gunshot may have been detected: “Gunshots_or_Firecracker”, “Single_Gunshot”, and “Multiple_Gunshots”.</attrdef>
<attrdefs>MPD</attrdefs>
</attr>
<attr>
<attrlabl>DATE_</attrlabl>
<attrdef>The date that the incident was first heard by the ShotSpotter System.</attrdef>
<attrdefs>MPD</attrdefs>
</attr>
<attr>
<attrlabl>ID</attrlabl>
<attrdef>A unique serial number used to identify incidents.</attrdef>
<attrdefs>MPD</attrdefs>
</attr>
<attr>
<attrlabl>TIME</attrlabl>
<attrdef>The time that the incident was first heard by the ShotSpotter System.</attrdef>
<attrdefs>MPD</attrdefs>
</attr>
<attr>
<attrlabl>LATITUDE</attrlabl>
<attrdef>The Latitude of the incident determined by the ShotSpotter System, rounded to three (3) decimal places.</attrdef>
<attrdefs>MPD</attrdefs>
</attr>
<attr>
<attrlabl>LONGITUDE</attrlabl>
<attrdef>The Longitude of the incident determined by the ShotSpotter System, rounded to three (3) decimal places.</attrdef>
<attrdefs>MPD</attrdefs>
</attr>
<attr>
<attrlabl>DATETIME</attrlabl>
<attrdef>The date and time that the incident was first heard by the ShotSpotter System.</attrdef>
<attrdefs>MPD</attrdefs>
</attr>
<attr>
<attrlabl>SOURCE</attrlabl>
<attrdef>The source network of sensors that detected the incident. MPD has ShotSpotter coverage in six (6) of its seven (7) police districts. The source networks are divided by MPD police districts. </attrdef>
<attrdefs>MPD</attrdefs>
</attr>
</detailed>
</eainfo>
<distinfo>
<distrib>
<cntinfo>
<cntorgp>
<cntorg>D.C. Office of the Chief Technology Officer</cntorg>
<cntper>GIS Data Coordinator</cntper>
</cntorgp>
<cntaddr>
<addrtype>mailing and physical</addrtype>
<address>200 I Street SE, 5th Floor</address>
<city>Washington</city>
<state>DC</state>
<postal>20003</postal>
<country>US</country>
</cntaddr>
<cntfax>(202) 727-5660</cntfax>
<cntemail>dcgis@dc.gov</cntemail>
<hours>8:30 am - 5 pm</hours>
</cntinfo>
</distrib>
<distliab>See access and use constraints information.</distliab>
<custom>DC datasets can be downloaded from "http://opendata.dc.gov".</custom>
</distinfo>
<metainfo>
<metd>20190607</metd>
<metc>
<cntinfo>
<cntorgp>
<cntorg>D.C. Office of the Chief Technology Officer</cntorg>
<cntper>GIS Data Coordinator</cntper>
</cntorgp>
<cntaddr>
<addrtype>mailing and physical</addrtype>
<address>200 I Street SE, 5th Floor</address>
<city>Washington</city>
<state>DC</state>
<postal>20003</postal>
<country>US</country>
</cntaddr>
<cntfax>(202) 727-5660</cntfax>
<cntemail>dcgis@dc.gov</cntemail>
<hours>8:30 am - 5 pm</hours>
</cntinfo>
</metc>
<metstdn>FGDC Content Standard for Digital Geospatial Metadata</metstdn>
<metstdv>FGDC-STD-001-1998</metstdv>
<mettc>local time</mettc>
</metainfo>
</metadata>
